<project xmlns="http://maven.apache.org/POM/4.0.0" xmlns:xsi="http://www.w3.org/2001/XMLSchema-instance"
	xsi:schemaLocation="http://maven.apache.org/POM/4.0.0 http://maven.apache.org/xsd/maven-4.0.0.xsd">
	<modelVersion>4.0.0</modelVersion>
	<groupId>com.neilferguson</groupId>
	<artifactId>PopulationGenomics</artifactId>
	<version>0.1-SNAPSHOT</version>
	<properties>
		<spark.version>2.1.0</spark.version>
		<h2o.version>3.10.2.2</h2o.version>
		<sparklingwater.version>1.6.8</sparklingwater.version>
		<adam.version>0.18.2</adam.version>
	</properties>
	<pluginRepositories>
		<pluginRepository>
			<id>scala-tools.org</id>
			<name>Scala-tools Maven2 Repository</name>
			<url>http://scala-tools.org/repo-releases</url>
		</pluginRepository>
	</pluginRepositories>
	<dependencies>
		<dependency>
			<groupId>org.apache.spark</groupId>
			<artifactId>spark-core_2.11</artifactId>
			<version>${spark.version}</version>
		</dependency>
				<dependency>
			<groupId>org.apache.spark</groupId>
			<artifactId>spark-sql_2.11</artifactId>
			<version>${spark.version}</version>
		</dependency>
		<dependency>
			<groupId>org.apache.spark</groupId>
			<artifactId>spark-streaming_2.11</artifactId>
			<version>${spark.version}</version>
		</dependency>
		<dependency>
			<groupId>org.apache.spark</groupId>
			<artifactId>spark-mllib_2.11</artifactId>
			<version>${spark.version}</version>
		</dependency>
		<dependency>
			<groupId>org.apache.spark</groupId>
			<artifactId>spark-hive_2.11</artifactId>
			<version>${spark.version}</version>
		</dependency>
		<dependency>
			<groupId>org.apache.spark</groupId>
			<artifactId>spark-graphx_2.11</artifactId>
			<version>${spark.version}</version>
		</dependency>

		<dependency>
			<groupId>org.apache.spark</groupId>
			<artifactId>spark-yarn_2.11</artifactId>
			<version>${spark.version}</version>
		</dependency>
		<dependency>
			<groupId>org.apache.spark</groupId>
			<artifactId>spark-network-shuffle_2.11</artifactId>
			<version>${spark.version}</version>
		</dependency>
		<dependency>
			<groupId>org.apache.spark</groupId>
			<artifactId>spark-streaming-flume_2.11</artifactId>
			<version>${spark.version}</version>
		</dependency>
		<dependency>
			<groupId>com.databricks</groupId>
			<artifactId>spark-csv_2.11</artifactId>
			<version>1.3.0</version>
		</dependency>
		<!-- https://mvnrepository.com/artifact/org.bdgenomics.adam/adam-core_2.11 -->
		<dependency>
			<groupId>org.bdgenomics.adam</groupId>
			<artifactId>adam-core_2.11</artifactId>
			<version>0.17.0</version>
		</dependency>

		<!-- https://mvnrepository.com/artifact/org.bdgenomics.adam/adam-apis_2.11 -->
		<dependency>
			<groupId>org.bdgenomics.adam</groupId>
			<artifactId>adam-apis_2.11</artifactId>
			<version>0.18.2</version>
		</dependency>

		<dependency>
			<groupId>ai.h2o</groupId>
			<artifactId>sparkling-water-core_2.10</artifactId>
			<version>${sparklingwater.version}</version>
		</dependency>
		<dependency>
			<groupId>ai.h2o</groupId>
			<artifactId>sparkling-water-examples_2.10</artifactId>
			<version>${sparklingwater.version}</version>
		</dependency>
		<!-- https://mvnrepository.com/artifact/ai.h2o/h2o-core -->
		<dependency>
			<groupId>ai.h2o</groupId>
			<artifactId>h2o-core</artifactId>
			<version>3.10.2.2</version>
		</dependency>

		<!-- https://mvnrepository.com/artifact/ai.h2o/h2o-scala_2.11 -->
		<dependency>
			<groupId>ai.h2o</groupId>
			<artifactId>h2o-scala_2.11</artifactId>
			<version>3.10.2.2</version>
		</dependency>

		<!-- https://mvnrepository.com/artifact/ai.h2o/h2o-algos -->
		<dependency>
			<groupId>ai.h2o</groupId>
			<artifactId>h2o-algos</artifactId>
			<version>3.10.2.2</version>
		</dependency>

		<!-- https://mvnrepository.com/artifact/ai.h2o/h2o-app -->
		<dependency>
			<groupId>ai.h2o</groupId>
			<artifactId>h2o-app</artifactId>
			<version>3.10.2.2</version>
		</dependency>

		<!-- https://mvnrepository.com/artifact/ai.h2o/h2o-persist-hdfs -->
		<dependency>
			<groupId>ai.h2o</groupId>
			<artifactId>h2o-persist-hdfs</artifactId>
			<version>3.10.2.2</version>
		</dependency>

		<dependency>
			<groupId>ai.h2o</groupId>
			<artifactId>google-analytics-java</artifactId>
			<version>1.1.2-H2O-CUSTOM</version>
		</dependency>
		<dependency>
			<groupId>joda-time</groupId>
			<artifactId>joda-time</artifactId>
			<version>2.7</version>
		</dependency>
	</dependencies>

	<build>
		<sourceDirectory>src/main/scala</sourceDirectory>
		<plugins>
			<plugin>
				<groupId>org.scala-tools</groupId>
				<artifactId>maven-scala-plugin</artifactId>
				<version>2.14.1</version>
				<executions>
					<execution>
						<goals>
							<goal>compile</goal>
						</goals>
					</execution>
				</executions>
			</plugin>
			<plugin>
				<groupId>org.apache.maven.plugins</groupId>
				<artifactId>maven-compiler-plugin</artifactId>
				<version>3.6.0</version>
				<configuration>
					<source>1.8</source>
					<target>1.8</target>
				</configuration>
			</plugin>
			<plugin>
				<groupId>org.apache.maven.plugins</groupId>
				<artifactId>maven-assembly-plugin</artifactId>
				<version>3.0.0</version>
				<configuration>
					<!-- get all project dependencies -->
					<descriptorRefs>
						<descriptorRef>jar-with-dependencies</descriptorRef>
					</descriptorRefs>
					<!-- MainClass in mainfest make a executable jar -->
					<archive>
						<manifest>
							<mainClass>com.example.Genomics.PopStratClustering</mainClass>
						</manifest>
					</archive>

					<property>
						<name>oozie.launcher.mapreduce.job.user.classpath.first</name>
						<value>true</value>
					</property>

				</configuration>
				<executions>
					<execution>
						<id>make-assembly</id>
						<!-- bind to the packaging phase -->
						<phase>package</phase>
						<goals>
							<goal>single</goal>
						</goals>
					</execution>
				</executions>
			</plugin>
		</plugins>
	</build>
</project>
